id,requirement,design_doc,schemas,gates,tests,tasks,status
REQ-01,전체 V3 단일 목표와 design-only 경계,design/01_SCOPE_AND_DECISIONS.md,contracts/schemas/intent-envelope.schema.json;contracts/schemas/goal-contract.schema.json,G-03,T-006;T-007;T-008;T-009;T-010;T-011;T-012;T-013;T-014;T-108,V3-001;V3-016;V3-061,designed_not_implemented
REQ-02,Foundry/Kit 독립과 기존 governance 보존,design/02_ARCHITECTURE.md,contracts/schemas/execution-grant.schema.json,G-14,T-019;T-110,V3-002;V3-008;V3-050;V3-051,designed_not_implemented
REQ-03,자연어 의도에서 검증된 target·goal 구성,design/05_GOAL_RESOLVER_CONTRACT.md,contracts/schemas/intent-envelope.schema.json;contracts/schemas/resolution.schema.json;contracts/schemas/goal-contract.schema.json,G-02;G-03,T-006;T-007;T-008;T-009;T-010;T-011;T-012;T-013;T-014;T-107;T-108,V3-011;V3-015;V3-016,designed_not_implemented
REQ-04,질문·가정·부족한 목표 자동 정리,design/17_STEERING_HUMAN_UX.md,contracts/schemas/question.schema.json;contracts/schemas/resolution.schema.json,G-03;G-04,T-006;T-007;T-008;T-009;T-010;T-011;T-012;T-013;T-014;T-015;T-016;T-017;T-018;T-019;T-020;T-108;T-110,V3-013;V3-014;V3-015,designed_not_implemented
REQ-05,불변조건·강제 Gate,design/03_INVARIANT_REGISTRY.md,contracts/schemas/execution-envelope.schema.json,G-06;G-24,T-073;T-074;T-075;T-076;T-077;T-078;T-107;T-108;T-109;T-111;T-112,V3-003;V3-004;V3-005;V3-056,designed_not_implemented
REQ-06,기존 DAG 승격·typed WorkGraph,design/06_WORKGRAPH_REPLAN.md,contracts/schemas/workgraph.schema.json,G-05,T-021;T-022;T-023;T-024;T-025;T-026;T-027;T-028;T-029;T-030,V3-017;V3-031,designed_not_implemented
REQ-07,adaptive direct/loop/deliberative/discovery,design/07_RUNTIME_SCHEDULER.md,contracts/schemas/workgraph.schema.json,G-08,T-031;T-032;T-033;T-034;T-035;T-036;T-037;T-038,V3-018;V3-019;V3-020;V3-021,designed_not_implemented
REQ-08,lease/fence/crash/cancel 정합성,design/08_STATE_RECOVERY.md,contracts/schemas/execution-envelope.schema.json;contracts/schemas/checkpoint.schema.json;contracts/schemas/run-record.schema.json,G-09;G-21,T-039;T-040;T-041;T-042;T-043;T-099;T-100;T-101;T-102;T-103;T-104;T-105;T-106,V3-020;V3-023;V3-030;V3-055,designed_not_implemented
REQ-09,transaction/outbox/inbox/idempotency,design/09_STORAGE_TRANSACTIONS.md,contracts/schemas/runtime-event.schema.json,G-01;G-21,T-001;T-002;T-003;T-004;T-005;T-099;T-100;T-101;T-102;T-103;T-104;T-105;T-106,V3-006;V3-007;V3-010,designed_not_implemented
REQ-10,authority/capability/secret/containment,design/10_AUTHORITY_SECURITY.md,contracts/schemas/execution-grant.schema.json;contracts/schemas/effect-request.schema.json,G-06;G-10,T-044;T-045;T-046;T-047;T-048;T-049;T-050;T-051;T-073;T-074;T-075;T-076;T-077;T-078;T-108;T-112,V3-008;V3-022;V3-023;V3-056,designed_not_implemented
REQ-11,driver/model/session/sandbox 분리,design/11_DRIVERS_SESSIONS.md,contracts/schemas/driver-capabilities.schema.json;contracts/schemas/model-profile.schema.json,G-07;G-23,T-064;T-065;T-066;T-067;T-068;T-069;T-070;T-071;T-072;T-107;T-111;T-112,V3-024;V3-025;V3-026,designed_not_implemented
REQ-12,Astra async/steering와 선택 API transport,design/11_DRIVERS_SESSIONS.md,contracts/schemas/steering-event.schema.json;contracts/schemas/checkpoint.schema.json,G-23,T-064;T-065;T-066;T-067;T-068;T-069;T-070;T-071;T-072,V3-027;V3-028;V3-029;V3-030,designed_not_implemented
REQ-13,Knowledge Readiness/context/provenance,design/12_CONTEXT_KNOWLEDGE_ONTOLOGY.md,contracts/schemas/context-bundle.schema.json;contracts/schemas/resolution.schema.json,G-04,T-015;T-016;T-017;T-018;T-019;T-020;T-110,V3-012;V3-013;V3-014,designed_not_implemented
REQ-14,Ontology/KnowledgeGraph vs WorkGraph 분리,design/12_CONTEXT_KNOWLEDGE_ONTOLOGY.md,contracts/schemas/context-bundle.schema.json;contracts/schemas/workgraph.schema.json,G-04;G-05,T-015;T-016;T-017;T-018;T-019;T-020;T-021;T-022;T-023;T-024;T-025;T-026;T-027;T-028;T-029;T-030;T-110,V3-012;V3-017;V3-039,designed_not_implemented
REQ-15,public work/design와 SpecKit 내부화,design/13_CAPABILITY_PACKS.md,contracts/schemas/capability-pack.schema.json,G-15,T-060;T-098;T-111,V3-034;V3-035;V3-036,designed_not_implemented
REQ-16,frontend UX/UI/visual render 품질,design/14_VERIFICATION_VISUAL_QA.md,contracts/schemas/verification-plan.schema.json;contracts/schemas/verifier-profile.schema.json;contracts/schemas/evidence.schema.json,G-12,T-057;T-058;T-059;T-060;T-061;T-062;T-063,V3-037;V3-059,designed_not_implemented
REQ-17,documents/SVG/fonts/golden lifecycle,design/14_VERIFICATION_VISUAL_QA.md,contracts/schemas/verification-plan.schema.json;contracts/schemas/verifier-profile.schema.json;contracts/schemas/evidence.schema.json,G-12,T-057;T-058;T-059;T-060;T-061;T-062;T-063,V3-038;V3-059,designed_not_implemented
REQ-18,trusted evidence/verdict/global verify,design/14_VERIFICATION_VISUAL_QA.md,contracts/schemas/evidence.schema.json;contracts/schemas/verdict.schema.json,G-11;G-12;G-13,T-052;T-053;T-054;T-055;T-056;T-057;T-058;T-059;T-060;T-061;T-062;T-063;T-107,V3-009;V3-032;V3-033,designed_not_implemented
REQ-19,Observatory를 V3 초기부터 구축,design/15_EVAL_OBSERVATORY.md,contracts/schemas/run-record.schema.json;contracts/schemas/runtime-event.schema.json,G-11;G-24,T-052;T-053;T-054;T-055;T-056;T-107;T-108;T-109;T-111;T-112,V3-010;V3-040,designed_not_implemented
REQ-20,dataset/holdout/실험 품질,design/15_EVAL_OBSERVATORY.md,contracts/schemas/eval-experiment.schema.json;contracts/schemas/eval-report.schema.json,G-16;G-17,T-079;T-080;T-081;T-082;T-083;T-084;T-085;T-086;T-109,V3-041;V3-042;V3-043,designed_not_implemented
REQ-21,Meta federation/composition,design/16_META_HARNESS.md,contracts/schemas/harness-composition.schema.json,G-07;G-16,T-079;T-080;T-081;T-082;T-083;T-107;T-109;T-111;T-112,V3-044,designed_not_implemented
REQ-22,Meta hypothesis/diff/protected surfaces,design/16_META_HARNESS.md,contracts/schemas/harness-change-proposal.schema.json,G-16;G-22,T-060;T-079;T-080;T-081;T-082;T-083;T-085;T-109;T-110,V3-045;V3-056,designed_not_implemented
REQ-23,Replay/shadow/canary/promote/rollback,design/16_META_HARNESS.md,contracts/schemas/eval-experiment.schema.json;contracts/schemas/eval-report.schema.json;contracts/schemas/promotion-plan.schema.json;contracts/schemas/release-set.schema.json,G-17;G-18;G-19,T-082;T-084;T-085;T-086;T-087;T-088;T-089;T-090;T-091;T-109,V3-042;V3-043;V3-046;V3-047;V3-058,designed_not_implemented
REQ-24,중간 요구 변경·append-only revision,design/17_STEERING_HUMAN_UX.md,contracts/schemas/steering-event.schema.json;contracts/schemas/question.schema.json;contracts/schemas/checkpoint.schema.json,G-09;G-23,T-039;T-040;T-041;T-042;T-043;T-064;T-065;T-066;T-067;T-068;T-069;T-070;T-071;T-072,V3-030;V3-031;V3-049,designed_not_implemented
REQ-25,API/command/event/SSE,design/18_API_EVENT_PROTOCOL.md,contracts/schemas/runtime-event.schema.json,G-01;G-23,T-001;T-002;T-003;T-004;T-005;T-064;T-065;T-066;T-067;T-068;T-069;T-070;T-071;T-072,V3-010;V3-048,designed_not_implemented
REQ-26,source 기반 삭제·경량화·이전,design/19_DISTRIBUTION_MIGRATION.md,contracts/schemas/migration-plan.schema.json,G-20,T-092;T-093;T-094;T-095;T-096;T-097;T-098;T-111,V3-001;V3-050;V3-051;V3-052;V3-060,designed_not_implemented
REQ-27,기존 legacy·승인·증거 보호,design/19_DISTRIBUTION_MIGRATION.md,contracts/schemas/execution-grant.schema.json;contracts/schemas/evidence.schema.json;contracts/schemas/migration-plan.schema.json,G-14;G-20,T-019;T-092;T-093;T-094;T-095;T-096;T-097;T-098;T-110;T-111,V3-002;V3-051;V3-060,designed_not_implemented
REQ-28,배포/오프라인/RHEL 기존 client 경계,design/20_OPERATIONS_RELEASE.md,contracts/schemas/release-set.schema.json;contracts/schemas/driver-capabilities.schema.json,G-07;G-24,T-107;T-108;T-109;T-111;T-112,V3-050;V3-054;V3-055;V3-062,designed_not_implemented
REQ-29,검증가능한 구현 백로그·인수 기준,design/21_TEST_ACCEPTANCE.md,contracts/schemas/run-record.schema.json,G-24,T-107;T-108;T-109;T-111;T-112,V3-056;V3-057;V3-058;V3-059;V3-061,designed_not_implemented
REQ-30,app registry와 non-destructive installer,design/13_CAPABILITY_PACKS.md,contracts/schemas/app-binding.schema.json;contracts/schemas/capability-pack.schema.json;contracts/schemas/migration-plan.schema.json,G-15;G-20,T-060;T-092;T-093;T-094;T-095;T-096;T-097;T-098;T-111,V3-011;V3-034;V3-050,designed_not_implemented
REQ-31,Hermes가 authority가 아닌 intake/projection,design/17_STEERING_HUMAN_UX.md,contracts/schemas/intent-envelope.schema.json;contracts/schemas/runtime-event.schema.json,G-01;G-14,T-001;T-002;T-003;T-004;T-005;T-019;T-110,V3-049,designed_not_implemented
REQ-32,tool effect unknown/idempotency/compensation,design/32_TOOL_EFFECT_PROTOCOL.md,contracts/schemas/effect-request.schema.json;contracts/schemas/effect-receipt.schema.json,G-10;G-21,T-044;T-045;T-046;T-047;T-048;T-049;T-050;T-051;T-099;T-100;T-101;T-102;T-103;T-104;T-105;T-106,V3-022;V3-023;V3-055,designed_not_implemented
REQ-33,통계적 불확실성/효과 과장 방지,design/30_EXPERIMENT_STATISTICS.md,contracts/schemas/eval-report.schema.json,G-17,T-084;T-085;T-086;T-109,V3-041;V3-042;V3-043,designed_not_implemented
REQ-34,정본·hash·참조 cycle 방지,design/33_IDENTITY_REFERENCE_LIFECYCLE.md,contracts/schemas/goal-contract.schema.json;contracts/schemas/context-bundle.schema.json;contracts/schemas/harness-composition.schema.json,G-07;G-11,T-052;T-053;T-054;T-055;T-056;T-107;T-111;T-112,V3-003;V3-004;V3-009,designed_not_implemented
REQ-35,공식 최신자료와 검증된 선택/제외,design/01_SCOPE_AND_DECISIONS.md,contracts/schemas/model-profile.schema.json;contracts/schemas/driver-capabilities.schema.json,G-07;G-24,T-107;T-108;T-109;T-111;T-112,V3-001;V3-024;V3-053;V3-061,designed_not_implemented
